sample_barcode,analysis,lat.long,sample_name,barcode,primer,extraction_kit,run_prefix,locus,target_gene,target_subfragment,sequencing_id,primer_plate,primer_well,forward_primer,reverse_primer,primer_name,pcr_plate,sample_id,project,site_code,site_name,collection_date,accessioned,habitat,host,trophic,site_type,metadata,lat,long,empo_1,empo_2,empo_3,env_material,env_feature,env_biome,enve_biom_0,envo_biom_1e,envo_biome_2,envo_biome_3,PI,Processing,common_name,taxonomy_info,collection_label,photo,sample_type,family,genus,species,photo.notes,Mito_otu1,Mito_otu2,Mito_otu3,Chloro_otu1,Chloro_otu2,Chloro_otu3,ITS_otu1,ITS_otu2,ITS_otu3,sequencing_id.ITS,sequencing_id.16S,ITSBlast
2714,MSandDNA,21.63677|-158.07189,2714,GTGCCGGCCGAC,GTGYCAGCMGCCGCGGTAA,Qiagen Power Soil 27000-4-KF,HiSeq-03-16S,bacterial16S,16S rRNA,V4,103962,2,B02,515f,806r,515rcbc109,20190819_16S_KAPA3G_EP15_EMPPP02_HiSeq03,WMEA_02714_Pl_M4,Keck,M4,TwinRocks,20190620,Yes,Marine,Plant,PrimaryProducer,Core Waimea,Halyme?ia,21.63677,-158.07189,Host-associated,Plant,Plant corpus,organic material,plant-associated habitat,marine benthic biome,biome,aquatic biome,marine biome,marine benthic biome,Anthony,Freeze Dry,Algae,ask for species help,"","",Limu,Halimedaceae,Halimeda,discoidea,"","","","","","","","","","",,,
2860,MSandDNA,21.64884|-158.06567,2860,TATCCAAGCGCA,GTGYCAGCMGCCGCGGTAA,Qiagen Power Soil 27000-4-KF,HiSeq-03-16S,bacterial16S,16S rRNA,V4,103942,1,F11,515f,806r,515rcbc70,20190819_16S_KAPA3G_EP14_EMPPP01_HiSeq03,WMEA_02860_Pl_M6,Keck,M6,SharksCove,20190621,Yes,Marine,Plant,PrimaryProducer,Core Waimea,Collected by Chris Wall,21.64884,-158.06567,Host-associated,Plant,Plant corpus,organic material,plant-associated habitat,marine benthic biome,biome,aquatic biome,marine biome,marine benthic biome,Anthony,Freeze Dry,CCA,what kind of CCA?,"","",CCA,"","","","","","","","","","","","","",,,
2861,MSandDNA,21.64884|-158.06567,2861,CGCACCCATACA,GTGYCAGCMGCCGCGGTAA,Qiagen Power Soil 27000-4-KF,HiSeq-03-16S,bacterial16S,16S rRNA,V4,103936,1,H10,515f,806r,515rcbc93,20190819_16S_KAPA3G_EP14_EMPPP01_HiSeq03,WMEA_02861_Pl_M6,Keck,M6,SharksCove,20190621,Yes,Marine,Plant,PrimaryProducer,Core Waimea,Collected by Chris Wall,21.64884,-158.06567,Host-associated,Plant,Plant corpus,organic material,plant-associated habitat,marine benthic biome,biome,aquatic biome,marine biome,marine benthic biome,Anthony,Freeze Dry,CCA,what kind of CCA?,"","",CCA,"","","","","","","","","","","","","",,,
P2_blank_0,MS,,P2_blank_0,,,,,,,,,,,,,,,,,,Blank,,,,,,,,,,,,,,,,,,,,,,Blank,,,,Blank,,,,,,,,,,,,,,,,
P2_blank_2,MS,,P2_blank_2,,,,,,,,,,,,,,,,,,Blank,,,,,,,,,,,,,,,,,,,,,,Blank,,,,Blank,,,,,,,,,,,,,,,,
P2_blank_1,MS,,P2_blank_1,,,,,,,,,,,,,,,,,,Blank,,,,,,,,,,,,,,,,,,,,,,Blank,,,,Blank,,,,,,,,,,,,,,,,
P2_blank_3,MS,,P2_blank_3,,,,,,,,,,,,,,,,,,Blank,,,,,,,,,,,,,,,,,,,,,,Blank,,,,Blank,,,,,,,,,,,,,,,,
P2_blank_4,MS,,P2_blank_4,,,,,,,,,,,,,,,,,,Blank,,,,,,,,,,,,,,,,,,,,,,Blank,,,,Blank,,,,,,,,,,,,,,,,
P3_blank_2,MS,,P3_blank_2,,,,,,,,,,,,,,,,,,Blank,,,,,,,,,,,,,,,,,,,,,,Blank,,,,Blank,,,,,,,,,,,,,,,,
P3_blank_1,MS,,P3_blank_1,,,,,,,,,,,,,,,,,,Blank,,,,,,,,,,,,,,,,,,,,,,Blank,,,,Blank,,,,,,,,,,,,,,,,
P3_blank_5,MS,,P3_blank_5,,,,,,,,,,,,,,,,,,Blank,,,,,,,,,,,,,,,,,,,,,,Blank,,,,Blank,,,,,,,,,,,,,,,,
P3_blank_3,MS,,P3_blank_3,,,,,,,,,,,,,,,,,,Blank,,,,,,,,,,,,,,,,,,,,,,Blank,,,,Blank,,,,,,,,,,,,,,,,
P3_blank_8,MS,,P3_blank_8,,,,,,,,,,,,,,,,,,Blank,,,,,,,,,,,,,,,,,,,,,,Blank,,,,Blank,,,,,,,,,,,,,,,,
P3_blank_4,MS,,P3_blank_4,,,,,,,,,,,,,,,,,,Blank,,,,,,,,,,,,,,,,,,,,,,Blank,,,,Blank,,,,,,,,,,,,,,,,
P3_blank_6,MS,,P3_blank_6,,,,,,,,,,,,,,,,,,Blank,,,,,,,,,,,,,,,,,,,,,,Blank,,,,Blank,,,,,,,,,,,,,,,,
P3_blank_7,MS,,P3_blank_7,,,,,,,,,,,,,,,,,,Blank,,,,,,,,,,,,,,,,,,,,,,Blank,,,,Blank,,,,,,,,,,,,,,,,
P3_blank_0,MS,,P3_blank_0,,,,,,,,,,,,,,,,,,Blank,,,,,,,,,,,,,,,,,,,,,,Blank,,,,Blank,,,,,,,,,,,,,,,,
P3_blank_00,MS,,P3_blank_00,,,,,,,,,,,,,,,,,,Blank,,,,,,,,,,,,,,,,,,,,,,Blank,,,,Blank,,,,,,,,,,,,,,,,
